{
  "project_info": {
    "project_number": "743996578332",
    "firebase_url": "https://taskreminder-6dbd1.firebaseio.com",
    "project_id": "taskreminder-6dbd1",
    "storage_bucket": "taskreminder-6dbd1.appspot.com"
  },
  "client": [
    {
      "client_info": {
        "mobilesdk_app_id": "1:743996578332:android:78a92306889bfa0d",
        "android_client_info": {
          "package_name": "com.example.damdinhdinh.taskreminder"
        }
      },
      "oauth_client": [
        {
          "client_id": "743996578332-ecb2pt74qbar641d97vcbupuhl6mopmm.apps.googleusercontent.com",
          "client_type": 1,
          "android_info": {
            "package_name": "com.example.damdinhdinh.taskreminder",
            "certificate_hash": "c605725c15e6e9cb0d89e7dc9c0fcbc2f768b860"
          }
        },
        {
          "client_id": "743996578332-db49q0833idb4dsjj1dcbtgiocf7bt3v.apps.googleusercontent.com",
          "client_type": 3
        },
        {
          "client_id": "743996578332-db49q0833idb4dsjj1dcbtgiocf7bt3v.apps.googleusercontent.com",
          "client_type": 3
        }
      ],
      "api_key": [
        {
          "current_key": "AIzaSyC_q4tgfGpuVQvosNxfT8WWn-ilV3ehWSc"
        }
      ],
      "services": {
        "analytics_service": {
          "status": 1
        },
        "appinvite_service": {
          "status": 2,
          "other_platform_oauth_client": [
            {
              "client_id": "743996578332-db49q0833idb4dsjj1dcbtgiocf7bt3v.apps.googleusercontent.com",
              "client_type": 3
            }
          ]
        },
        "ads_service": {
          "status": 2
        }
      }
    }
  ],
  "configuration_version": "1"
}